{"UnitName":["Austria","Belgium","Bulgaria","Croatia","Cyprus","Czech Republic","Denmark","Estonia","Finland","France","Germany","Greece","Hungary","Ireland","Italy","Latvia","Lithuania","Luxembourg","Malta","Netherlands","Poland","Portugal","Romania","Slovakia","Slovenia","Spain","Sweden"],"UnitCode":["AUT","BEL","BGR","HRV","CYP","CZE","DNK","EST","FIN","FRA","DEU","GRC","HUN","IRL","ITA","LVA","LTU","LUX","MLT","NLD","POL","PRT","ROU","SVK","SVN","ESP","SWE"],"IND_53":[19.565217391304,91.304347826087,36.95652173913,60.869565217391,52.173913043478,91.304347826087,73.913043478261,76.086956521739,80.434782608696,67.391304347826,36.95652173913,52.173913043478,36.95652173913,78.260869565217,93.478260869565,100,69.565217391304,78.260869565217,78.260869565217,100,19.565217391304,50,86.95652173913,54.347826086957,58.695652173913,100,89.130434782609],"IND_54":[40,80,20,80,80,80,80,80,80,80,0,20,80,40,20,100,80,100,80,40,60,50,20,20,40,80,0],"IND_55":[84.615384615385,100,19.230769230769,23.076923076923,53.846153846154,73.076923076923,19.230769230769,100,100,57.692307692308,84.615384615385,42.307692307692,0,84.615384615385,96.153846153846,100,38.461538461538,26.923076923077,100,100,80.769230769231,42.307692307692,61.538461538462,34.615384615385,34.615384615385,100,73.076923076923],"IND_56":[85,100,60,75,100,100,85,100,100,85,70,65,15,80,100,100,100,85,80,100,40,60,75,100,80,100,100],"IND_58":[38.888888888889,44.444444444444,38.888888888889,100,61.111111111111,44.444444444444,38.888888888889,61.111111111111,66.666666666667,61.111111111111,77.777777777778,44.444444444444,55.555555555556,44.444444444444,66.666666666667,38.888888888889,100,50,66.666666666667,50,44.444444444444,44.444444444444,44.444444444444,66.666666666667,55.555555555556,88.888888888889,100],"IND_59":[0,100,4.3478260869565,82.608695652174,4.3478260869565,4.3478260869565,4.3478260869565,21.739130434783,95.652173913043,17.391304347826,91.304347826087,4.3478260869565,39.130434782609,4.3478260869565,4.3478260869565,100,95.652173913043,4.3478260869565,69.565217391304,60.869565217391,0,4.3478260869565,30.434782608696,95.652173913043,60.869565217391,82.608695652174,4.3478260869565],"IND_60":[40,63.333333333333,11.666666666667,45,53.333333333333,40,33.333333333333,56.666666666667,75,0,33.333333333333,40,46.666666666667,45,51.666666666667,58.333333333333,63.333333333333,63.333333333333,51.666666666667,45,45,68.333333333333,60,75,70,51.666666666667,40],"IND_63":[57.843137254902,84.313725490196,35.78431372549,62.254901960784,65.686274509804,53.43137254902,51.960784313725,72.549019607843,63.725490196078,0,42.156862745098,58.333333333333,41.176470588235,55.392156862745,83.823529411765,99.019607843137,53.43137254902,99.019607843137,63.725490196078,94.607843137255,46.078431372549,93.137254901961,47.058823529412,79.901960784314,50.490196078431,95.588235294118,59.803921568627],"IND_65":[100,100,65.217391304348,82.608695652174,82.608695652174,100,47.826086956522,91.304347826087,100,39.130434782609,95.652173913043,95.652173913043,8.695652173913,78.260869565217,100,100,95.652173913043,100,60.869565217391,100,91.304347826087,100,86.95652173913,100,100,95.652173913043,65.217391304348],"IND_66":[79.166666666667,100,33.333333333333,66.666666666667,37.5,87.5,79.166666666667,100,100,100,100,37.5,12.5,37.5,100,58.333333333333,100,58.333333333333,79.166666666667,100,58.333333333333,79.166666666667,100,79.166666666667,100,58.333333333333,100],"IND_64":[49,49,43,83,80,80,80,49,83,83,83,83,43,6,49,80,83,83,49,83,80,83,83,80,83,83,83],"IND_67":[60,50,90,70,100,60,70,80,50,0,30,90,15,65,70,60,60,90,70,0,55,35,80,90,50,60,50],"IND_68":[40,86.666666666667,20,33.333333333333,93.333333333333,80,0,80,26.666666666667,13.333333333333,80,33.333333333333,66.666666666667,33.333333333333,40,93.333333333333,60,40,26.666666666667,33.333333333333,33.333333333333,60,53.333333333333,86.666666666667,73.333333333333,100,73.333333333333],"IND_69":[56.666666666667,66.666666666667,50,43.333333333333,86.666666666667,56.666666666667,63.333333333333,40,73.333333333333,0,53.333333333333,43.333333333333,66.666666666667,56.666666666667,86.666666666667,56.666666666667,56.666666666667,66.666666666667,56.666666666667,66.666666666667,23.333333333333,60,70,93.333333333333,56.666666666667,56.666666666667,56.666666666667],"IND_70":[20,100,80,20,100,100,0,100,100,0,0,20,0,100,0,100,20,0,40,0,20,100,40,100,40,100,20],"IND_1":[56.487500000000004,59.800000000000004,36.9125,40.1375,54.625,53.075,68.3875,46.724999999999994,67.4625,46.8125,62.6875,37.762499999999996,38.8,43.525,49.0125,37.287499999999994,38.05,52.15,63.45000000000001,66.66250000000001,51.199999999999996,51.74999999999999,36.175,46.787499999999994,45.38750000000001,47.04999999999999,58.025],"IND_2":[75.69,60.06,46.67,68.66,68.25,73.79,81.62,63.95,87.92,71.24,63.01,58.71,64.34,78.55,56.59,61.39,54.6,72.24,72.49,85.68,50,71.31,47.03,61.24,54.32,75.78,74.63],"IND_3":[92.99655568312285,98.98477157360406,89.90578734858681,96.2085308056872,90.72681704260651,97.63872491145219,92.8939237899073,91.49425287356323,91.1922663802363,92.93044469783352,93.9209726443769,95.73333333333333,97.77777777777777,95.74468085106383,94.00705052878966,88.31942789034565,92,94.30379746835443,90.67357512953367,97.02380952380952,95.72538860103627,85.93103448275862,92.44791666666666,94.51530612244898,91.65628891656289,86.63540445486518,97.46341463414635],"IND_11":[55.5875,58.824999999999996,35.974999999999994,39.175,53.925,51.81249999999999,67.5375,45.85,66.625,45.9,61.9125,36.87500000000001,37.550000000000004,42.35,48.39999999999999,36.375,36.8375,51.15,62.8125,65.8375,49.825,50.97500000000001,35.1875,45.337500000000006,44.300000000000004,45.949999999999996,57.1375],"IND_4":[61.1,53.7,48,38.1,51.5,75,70.2,61.3,67.3,46.9,68,31.5,43,75.5,62.3,50.5,62.6,51.6,59.7,46.4,51.2,63.4,61.9,62.2,51.1,51.2,64.9],"IND_5":[43.5,37.5,24.5,34.5,36.5,34.5,47,40.5,51,34.5,38,41,32,44,26.5,35.5,36.5,46,52,52,37.5,29.5,23,33.5,34,29.5,45],"IND_6":[59.53333333333334,49,43.333333333333336,49.06666666666666,50.93333333333334,51.900000000000006,48.43333333333334,61.199999999999996,49.599999999999994,40.666666666666664,50.699999999999996,45.93333333333334,40.36666666666667,69.43333333333334,48.56666666666666,43.833333333333336,49.333333333333336,56.199999999999996,62.63333333333333,55.20000000000001,56.300000000000004,49.866666666666674,38.03333333333333,52.6,46.5,41.599999999999994,55.03333333333334],"IND_7":[60.1,52.4,47,36.9,50.8,74.1,69.3,60.5,66.3,45.7,67.1,30.7,41.7,74.9,61.8,49.6,61.5,50.3,58.9,44.9,49.7,62.8,61.1,61.1,49.8,50.1,64],"IND_10":[41.666666666667,95.833333333333,83.333333333333,95.833333333333,79.166666666667,79.166666666667,41.666666666667,95.833333333333,62.5,79.166666666667,58.333333333333,29.166666666667,12.5,83.333333333333,79.166666666667,100,79.166666666667,62.5,95.833333333333,95.833333333333,41.666666666667,58.333333333333,75,95.833333333333,58.333333333333,95.833333333333,25],"IND_12":[100,87.5,75,87.5,75,87.5,50,50,87.5,87.5,87.5,95,7.5,87.5,100,100,75,32.5,62.5,75,70,100,47.5,100,100,100,100],"IND_39":[82.5,82.5,55,90,77.5,52.5,57.5,82.5,77.5,95,97.5,52.5,40,97.5,97.5,97.5,100,77.5,27.5,82.5,55,97.5,52.5,45,82.5,92.5,97.5],"IND_8":[2.316940568264365,2.475275059484053,8.225218797058723,0,19.36130319803725,1.949136188029274,0.701142002123549,4.705042244317517,3.569465431082165,2.944179422064922,1.908623308011432,12.100215057331704,10.723357852870176,4.969987448483761,4.275735281790491,0,0,9.43049930646089,0,0.745343938231634,1.798217692141725,2.922763626708069,6.824964412989207,0,3.100471540383323,3.421409775426776,1.233278885105421],