{"UnitName":["Austria","Belgium","Bulgaria","Croatia","Cyprus","Czech Republic","Denmark","Estonia","Finland","France","Germany","Greece","Hungary","Ireland","Italy","Latvia","Lithuania","Luxembourg","Malta","Netherlands","Poland","Portugal","Romania","Slovakia","Slovenia","Spain","Sweden"],"UnitCode":["AUT","BEL","BGR","HRV","CYP","CZE","DNK","EST","FIN","FRA","DEU","GRC","HUN","IRL","ITA","LVA","LTU","LUX","MLT","NLD","POL","PRT","ROU","SVK","SVN","ESP","SWE"],"IND_68":[80,75,55,50,60,50,10,80,40,45,100,60,80,70,60,70,40,60,50,75,20,100,50,100,60,100,20],"IND_67":[60,75,70,75,95,75,25,80,50,52.5,55,90,40,25,70,65,75,95,70,52.5,55,60,80,75,50,100,25],"IND_69":[50,66.666666666667,56.666666666667,100,86.666666666667,73.333333333333,40,56.666666666667,73.333333333333,56.666666666667,70,60,83.333333333333,56.666666666667,86.666666666667,56.666666666667,66.666666666667,70,73.333333333333,83.333333333333,23.333333333333,60,56.666666666667,86.666666666667,73.333333333333,83.333333333333,40],"IND_70":[20,50,50,100,100,100,20,100,100,50,50,20,50,60,50,100,50,50,50,50,20,100,60,20,60,100,50],"IND_65":[73.913043478261,82.608695652174,65.217391304348,82.608695652174,82.608695652174,100,47.826086956522,91.304347826087,100,100,95.652173913043,91.304347826087,8.695652173913,60.869565217391,100,82.608695652174,95.652173913043,100,60.869565217391,100,91.304347826087,100,86.95652173913,100,100,91.304347826087,60.869565217391],"IND_66":[45.833333333333,100,33.333333333333,66.666666666667,37.5,100,39.583333333333,100,100,100,100,37.5,12.5,37.5,100,12.5,100,58.333333333333,66.666666666667,100,58.333333333333,79.166666666667,79.166666666667,75,100,58.333333333333,100],"IND_64":[49,49,43,83,80,80,80,49,83,83,83,83,43,6,49,80,83,83,49,83,80,83,83,80,83,83,83],"IND_60":[65,58.333333333333,53.333333333333,41.666666666667,41.666666666667,51.666666666667,66.666666666667,73.333333333333,75,50,66.666666666667,48.333333333333,53.333333333333,40,46.666666666667,68.333333333333,66.666666666667,40,68.333333333333,70,40,68.333333333333,60,53.333333333333,51.666666666667,63.333333333333,66.666666666667],"IND_58":[58.333333333333,44.444444444444,69.444444444444,50,50,44.444444444444,38.888888888889,61.111111111111,66.666666666667,50,77.777777777778,38.888888888889,55.555555555556,44.444444444444,66.666666666667,38.888888888889,100,50,66.666666666667,50,0,44.444444444444,61.111111111111,61.111111111111,55.555555555556,88.888888888889,58.333333333333],"IND_63":[58.578431372549,77.450980392157,40.686274509804,62.254901960784,50.490196078431,42.647058823529,61.764705882353,62.5,63.725490196078,62.5,88.235294117647,49.509803921569,41.176470588235,49.019607843137,83.823529411765,83.333333333333,30.392156862745,99.019607843137,71.078431372549,95.833333333333,46.078431372549,93.137254901961,47.058823529412,27.941176470588,42.156862745098,95.588235294118,65.686274509804],"IND_59":[3.3333333333333,76.666666666667,51.666666666667,51.666666666667,3.3333333333333,15,0,23.333333333333,73.333333333333,73.333333333333,86.666666666667,41.666666666667,30,3.3333333333333,46.666666666667,73.333333333333,90,33.333333333333,53.333333333333,76.666666666667,3.3333333333333,3.3333333333333,36.666666666667,3.3333333333333,36.666666666667,83.333333333333,0],"IND_54":[40,80,50,80,50,80,80,80,80,50,50,80,80,40,20,80,80,100,80,40,60,50,20,0,20,100,50],"IND_53":[17.391304347826,71.739130434783,35.869565217391,60.869565217391,17.391304347826,41.304347826087,73.913043478261,47.826086956522,80.434782608696,53.260869565217,60.869565217391,21.739130434783,36.95652173913,63.04347826087,73.913043478261,15.217391304348,75,78.260869565217,78.260869565217,100,19.565217391304,50,86.95652173913,82.608695652174,39.130434782609,82.608695652174,51.086956521739],"IND_56":[85,100,52.5,75,20,100,85,85,100,85,70,65,15,80,85,52.5,100,85,42.5,100,40,60,75,100,55,100,100],"IND_55":[84.615384615385,53.846153846154,53.846153846154,23.076923076923,26.923076923077,73.076923076923,15.384615384615,84.615384615385,100,100,73.076923076923,38.461538461538,0,61.538461538462,96.153846153846,46.153846153846,38.461538461538,26.923076923077,80.769230769231,100,38.461538461538,42.307692307692,61.538461538462,0,11.538461538462,100,100],"IND_12":[100,100,8.5714285714286,100,57.142857142857,100,42.857142857143,57.142857142857,100,77.142857142857,64.285714285714,100,22.857142857143,85.714285714286,100,71.428571428571,85.714285714286,37.142857142857,71.428571428571,85.714285714286,85.714285714286,100,54.285714285714,22.857142857143,85.714285714286,100,100],"IND_10":[41.666666666667,95.833333333333,16.666666666667,95.833333333333,25,45.833333333333,41.666666666667,95.833333333333,62.5,95.833333333333,62.5,45.833333333333,0,83.333333333333,41.666666666667,25,79.166666666667,62.5,75,95.833333333333,62.5,41.666666666667,75,95.833333333333,45.833333333333,95.833333333333,25],"IND_39":[82.5,67.5,22.5,90,65,42.5,57.5,82.5,77.5,95,80,62.5,40,92.5,52.5,90,95,82.5,27.5,100,55,97.5,42.5,67.5,85,80,90],"IND_8":[2.316940568264365,2.475275059484053,8.225218797058723,0,19.36130319803725,1.949136188029274,0.701142002123549,4.705042244317517,3.569465431082165,2.944179422064922,1.908623308011432,12.100215057331704,10.723357852870176,4.969987448483761,4.275735281790491,0,0,9.43049930646089,0,0.745343938231634,1.798217692141725,2.922763626708069,6.824964412989207,0,3.100471540383323,3.421409775426776,1.233278885105421],"IND_1":[56.487500000000004,59.800000000000004,36.9125,40.1375,54.625,53.075,68.3875,46.724999999999994,67.4625,46.8125,62.6875,37.762499999999996,38.8,43.525,49.0125,37.287499999999994,38.05,52.15,63.45000000000001,66.66250000000001,51.199999999999996,51.74999999999999,36.175,46.787499999999994,45.38750000000001,47.04999999999999,58.025],"IND_2":[75.69,60.06,46.67,68.66,68.25,73.79,81.62,63.95,87.92,71.24,63.01,58.71,64.34,78.55,56.59,61.39,54.6,72.24,72.49,85.68,50,71.31,47.03,61.24,54.32,75.78,74.63],"IND_11":[55.5875,58.824999999999996,35.974999999999994,39.175,53.925,51.81249999999999,67.5375,45.85,66.625,45.9,61.9125,36.87500000000001,37.550000000000004,42.35,48.39999999999999,36.375,36.8375,51.15,62.8125,65.8375,49.825,50.97500000000001,35.1875,45.337500000000006,44.300000000000004,45.949999999999996,57.1375],"IND_3":[92.99655568312285,98.98477157360406,89.90578734858681,96.2085308056872,90.72681704260651,97.63872491145219,92.8939237899073,91.49425287356323,91.1922663802363,92.93044469783352,93.9209726443769,95.73333333333333,97.77777777777777,95.74468085106383,94.00705052878966,88.31942789034565,92,94.30379746835443,90.67357512953367,97.02380952380952,95.72538860103627,85.93103448275862,92.44791666666666,94.51530612244898,91.65628891656289,86.63540445486518,97.46341463414635],"IND_4":[61.1,53.7,48,38.1,51.5,75,70.2,61.3,67.3,46.9,68,31.5,43,75.5,62.3,50.5,62.6,51.6,59.7,46.4,51.2,63.4,61.9,62.2,51.1,51.2,64.9],"IND_7":[60.1,52.4,47,36.9,50.8,74.1,69.3,60.5,66.3,45.7,67.1,30.7,41.7,74.9,61.8,49.6,61.5,50.3,58.9,44.9,49.7,62.8,61.1,61.1,49.8,50.1,64],"IND_5":[43.5,37.5,24.5,34.5,36.5,34.5,47,40.5,51,34.5,38,41,32,44,26.5,35.5,36.5,46,52,52,37.5,29.5,23,33.5,34,29.5,45],"IND_6":[59.53333333333334,49,43.333333333333336,49.06666666666666,50.93333333333334,51.900000000000006,48.43333333333334,61.199999999999996,49.599999999999994,40.666666666666664,50.699999999999996,45.93333333333334,40.36666666666667,69.43333333333334,48.56666666666666,43.833333333333336,49.333333333333336,56.199999999999996,62.63333333333333,55.20000000000001,56.300000000000004,49.866666666666674,38.03333333333333,52.6,46.5,41.599999999999994,55.03333333333334],